{"cameraMode":{"drawMode":0,"name":"Shaded","section":"Shading Mode"},"sceneLighting":true,"audioPlay":false,"sceneViewState":{"showFog":true,"showMaterialUpdate":false,"showSkybox":true,"showFlares":true,"showImageEffects":true,"showParticleSystems":true},"in2DMode":false,"pivot":{"x":-1.6856775283813477,"y":-1.5676889419555665,"z":7.097443580627441},"rotation":{"x":-0.21627484261989594,"y":0.32285985350608828,"z":-0.0760418102145195,"w":-0.9182652831077576},"size":20.276460647583009,"orthographic":false}